epoch,train_loss,train_cat_loss,train_num_loss,dev_loss,dev_cat_loss,dev_num_loss
1,0.6900375169296264,0.8420569633550462,0.6301510681945596,0.4472215587711334,0.5574090718136897,0.4038143628377669
2,0.4220059729995727,0.556689723593551,0.3689487391455772,0.3719827868938446,0.5142171062281358,0.3159510829358724
