split,phenotype,n,proportion,outcome_sinasc_severe_birth_status_known_n,outcome_sinasc_severe_birth_status_positive_n,outcome_sinasc_severe_birth_status_rate,outcome_sinasc_broad_birth_status_known_n,outcome_sinasc_broad_birth_status_positive_n,outcome_sinasc_broad_birth_status_rate,outcome_low_apgar5_lt7_known_n,outcome_low_apgar5_lt7_positive_n,outcome_low_apgar5_lt7_rate,outcome_congenital_anomaly_known_n,outcome_congenital_anomaly_positive_n,outcome_congenital_anomaly_rate,input_IDADEMAE_mean,input_CONSPRENAT_mean,input_QTDPARTCES_mean,input_prior_cesarean_mean,input_multiple_gestation_mean
development,0,83012,0.41506,83012,3289,0.039620777718884,83012,14299,0.1722522045005541,82529,917,0.0111112457439203,82129,841,0.0102399883110716,25.05940055847168,9.097312927246094,0.0006868297350592,0.0006868297350592,0.025015665218234
development,1,110977,0.554885,110976,3790,0.0341515282583621,110976,18033,0.1624945934256055,109542,1066,0.009731427215132,109609,1099,0.0100265489147788,29.70062255859375,8.568668365478516,0.7091501355171204,0.5292314291000366,0.0213101599365472
development,2,6011,0.030055,6009,284,0.0472624396738226,6009,1050,0.1747378931602596,5793,82,0.014155014672881,5624,60,0.0106685633001422,25.75374412536621,8.243556022644043,0.2702371180057525,0.2057142853736877,0.0165524166077375
test,0,1001823,0.4192912224163728,1001819,42030,0.0419536862447208,1001819,179117,0.1787917777562613,996538,11515,0.0115550034218464,990977,11874,0.0119821146202182,25.22328758239746,9.29134750366211,0.0005141783622093,0.0005121815484017,0.0255173929035663
test,1,1321871,0.5532403503081414,1321869,45609,0.0345034190226111,1321869,219076,0.1657320052138298,1304396,12020,0.0092149929929254,1303651,15156,0.0116258108957075,29.774707794189453,8.802530288696289,0.7128598093986511,0.5308680534362793,0.0211409591138362
test,2,65631,0.0274684272754857,65623,2629,0.0400621733233774,65623,10897,0.1660545845206711,63309,770,0.0121625677233884,60457,558,0.0092297004482524,25.895681381225582,8.478036880493164,0.2655060291290283,0.2007289081811905,0.0146704884245991
