endpoint,model,n_train,n_test,events_test,prevalence_test,auroc,auprc,brier,auprc_over_prevalence,top_fraction,top_n,top_event_rate,top_enrichment_over_prevalence,top_event_capture_pct
outcome_sinasc_severe_birth_status,sinasc_overlap_inputs_lightgbm,119998,2389311,90268,0.0377799290255642,0.6762146436605463,0.1316011198583885,0.0348361649476006,3.483360695816527,0.01,23893,0.3041058050475034,8.049401173880616,8.049364115744229
outcome_sinasc_broad_birth_status,sinasc_overlap_inputs_lightgbm,119998,2389311,409090,0.1712167231473843,0.6786785256687329,0.3783546914480893,0.1278147612237636,2.209799863547204,0.01,23893,0.8447243962666889,4.933655899602432,4.933633185851524
outcome_sinasc_severe_birth_status,ssl_embedding_logit,119998,2389311,90268,0.0377799290255642,0.6727073553284139,0.1069956110045145,0.0352683667440581,2.832075489927856,0.01,23893,0.2291047587159419,6.06419240652663,6.064164487969158
outcome_sinasc_severe_birth_status,ssl_plus_phenotype_logit,119998,2389311,90268,0.0377799290255642,0.6745348007208181,0.107178218422017,0.0352561711822645,2.836908940445429,0.01,23893,0.2278910141045494,6.032065702144227,6.032037931492887
outcome_sinasc_severe_birth_status,phenotype_only_logit,119998,2389311,90268,0.0377799290255642,0.5229083723422502,0.0396907213062684,0.0363534029011796,1.0505769155736415,0.01,23893,0.0429414472858159,1.1366206447015568,1.1366154118846103
outcome_sinasc_broad_birth_status,ssl_embedding_logit,119998,2389311,409090,0.1712167231473843,0.6474097889743504,0.3413614625947845,0.1316951542845718,1.9937390245515836,0.01,23893,0.758422969070439,4.429608014502089,4.429587621305825
outcome_sinasc_broad_birth_status,ssl_plus_phenotype_logit,119998,2389311,409090,0.1712167231473843,0.6488713543309135,0.3416850307763389,0.1316262215720882,1.9956288410111345,0.01,23893,0.7529820449504039,4.3978300198061415,4.397809772910607
outcome_sinasc_broad_birth_status,phenotype_only_logit,119998,2389311,409090,0.1712167231473843,0.5111741489346495,0.1746114741551366,0.1419199213265225,1.019827216321796,0.01,23893,0.185284392918428,1.0821629424535484,1.082157960351023
