rule,outcome,outcome_label,n_total,n_selected,selected_fraction,events_total,events_selected,prevalence,event_rate_selected,enrichment_over_prevalence,event_capture_pct
phenotype_0,outcome_infant_death,Infant death,3596017,164651,0.045787047169131845,19743,3327,0.005490241008315589,0.02020637591025867,3.680416921525637,16.851542318796536
phenotype_0,outcome_neonatal_death_lt28d,Neonatal death <28d,3596017,164651,0.045787047169131845,12892,2736,0.003585077601134811,0.016616965581745632,4.635036512594802,21.222463543282657
phenotype_0,outcome_early_neonatal_death_lt7d,Early neonatal death <7d,3596017,164651,0.045787047169131845,10046,2332,0.0027936464149084946,0.014163290839411848,5.069822280954536,23.213219191718096
phenotype_0,outcome_postneonatal_death_28d_1y,Postneonatal death 28d-1y,3596017,164651,0.045787047169131845,6851,591,0.0019051634071807781,0.0035894103285130366,1.8840432873023594,8.626477886439936
