phenotype,cause_group,n,events,event_rate,total_events,prevalence,enrichment_over_prevalence,event_capture_pct
0,Perinatal conditions,164651,2394,0.014539844884027427,9751,0.0027116112076222107,5.362068442244453,24.551328068916007
0,Congenital anomalies,164651,417,0.0025326296226564067,3966,0.0011028868884657664,2.296363887487651,10.514372163388805
0,Infection/respiratory,164651,81,0.0004919496389332588,780,0.00021690664977390262,2.2680246983946932,10.384615384615385
0,Other causes,164651,116,0.0007045204705710867,1195,0.00033231211087155594,2.120056559850734,9.707112970711297
0,SIDS/ill-defined,164651,202,0.0012268373711668923,2482,0.0006902080829984953,1.7774891389812466,8.138597904915391
0,External injury,164651,117,0.0007105939229035961,1569,0.000436316068583658,1.6286219419107846,7.45697896749522
