k,silhouette_sample,davies_bouldin,min_cluster_prop,cluster_sizes,pca_explained_variance
3,0.36205074191093445,1.068295301113235,0.030055,83012;110977;6011,0.9869170784950256
4,0.35561898350715637,1.002872743847408,0.02878,93032;57826;5756;43386,0.9869170784950256
5,0.3208288848400116,1.1184254365292052,0.027175,47175;60078;57095;30217;5435,0.9869170784950256
6,0.3388206660747528,1.1170694107333654,0.02678,21565;56038;5356;26162;34738;56141,0.9869170784950256
